{"cameraMode":{"drawMode":0,"name":"Shaded","section":"Shading Mode"},"sceneLighting":false,"audioPlay":false,"sceneViewState":{"m_AlwaysRefresh":false,"showFog":true,"showSkybox":false,"showFlares":true,"showImageEffects":true,"showParticleSystems":true,"showVisualEffectGraphs":true,"m_FxEnabled":true},"in2DMode":false,"pivot":{"x":1.525010108947754,"y":-0.07294797897338867,"z":-3.0154285430908205},"rotation":{"x":0.03596524894237518,"y":0.9633673429489136,"z":-0.20533441007137299,"w":0.16874046623706819},"size":3.277538776397705,"orthographic":false}