{"cameraMode":{"drawMode":0,"name":"Shaded","section":"Shading Mode"},"sceneLighting":true,"audioPlay":false,"sceneViewState":{"showFog":true,"showMaterialUpdate":false,"showSkybox":true,"showFlares":true,"showImageEffects":true,"showParticleSystems":true},"in2DMode":false,"pivot":{"x":505.8039245605469,"y":1068.4052734375,"z":-0.5792236328125},"rotation":{"x":-0.06625407189130783,"y":-0.014370614662766457,"z":0.0009541640756651759,"w":-0.9976996779441834},"size":886.2254638671875,"orthographic":false}