{"cameraMode":{"drawMode":0,"name":"Shaded","section":"Shading Mode"},"sceneLighting":true,"audioPlay":false,"sceneViewState":{"showFog":true,"showMaterialUpdate":false,"showSkybox":true,"showFlares":true,"showImageEffects":true,"showParticleSystems":true},"in2DMode":false,"pivot":{"x":-0.025556445121765138,"y":0.5724450945854187,"z":-10.469054222106934},"rotation":{"x":0.03215832635760307,"y":0.9576863646507263,"z":-0.11872640252113342,"w":0.2604125142097473},"size":1.1697802543640137,"orthographic":false}