{"cameraMode":{"drawMode":0,"name":"Shaded","section":"Shading Mode"},"sceneLighting":true,"audioPlay":false,"sceneViewState":{"showFog":true,"showMaterialUpdate":false,"showSkybox":true,"showFlares":true,"showImageEffects":true,"showParticleSystems":true},"in2DMode":false,"pivot":{"x":-2.639266014099121,"y":0.3697900176048279,"z":-0.04502153396606445},"rotation":{"x":-0.08534061163663864,"y":-0.20301155745983125,"z":0.01793924905359745,"w":-0.9753601551055908},"size":1.2247449159622193,"orthographic":false}