{"cameraMode":{"drawMode":0,"name":"Shaded","section":"Shading Mode"},"sceneLighting":true,"audioPlay":false,"sceneViewState":{"showFog":true,"showMaterialUpdate":false,"showSkybox":true,"showFlares":true,"showImageEffects":true,"showParticleSystems":true},"in2DMode":false,"pivot":{"x":-7.386818885803223,"y":-2.082202911376953,"z":-0.19531536102294923},"rotation":{"x":0.12472913414239884,"y":-0.2527462840080261,"z":0.03275078907608986,"w":0.9589564204216003},"size":6.569781303405762,"orthographic":false}