{"cameraMode":{"drawMode":0,"name":"Shaded","section":"Shading Mode"},"sceneLighting":false,"audioPlay":false,"sceneViewState":{"m_AlwaysRefresh":false,"showFog":true,"showSkybox":false,"showFlares":true,"showImageEffects":true,"showParticleSystems":true,"showVisualEffectGraphs":true,"m_FxEnabled":true},"in2DMode":false,"pivot":{"x":-0.000005710870027542114,"y":-0.06074221804738045,"z":-0.051857151091098788},"rotation":{"x":-0.09209728240966797,"y":-0.6226106882095337,"z":0.0741271898150444,"w":-0.7735540866851807},"size":0.10207896679639816,"orthographic":false}