{"cameraMode":{"drawMode":0,"name":"Shaded","section":"Shading Mode"},"sceneLighting":false,"audioPlay":false,"sceneViewState":{"m_AlwaysRefresh":false,"showFog":true,"showSkybox":false,"showFlares":true,"showImageEffects":true,"showParticleSystems":true,"showVisualEffectGraphs":true,"m_FxEnabled":true},"in2DMode":false,"pivot":{"x":-0.09879880398511887,"y":0.4737245440483093,"z":-0.050913676619529727},"rotation":{"x":0.12566234171390534,"y":0.6099172234535217,"z":-0.09874172508716583,"w":0.7762075662612915},"size":0.32680022716522219,"orthographic":false}